id,name,contact_number,email_id,blood_group,city_id,added_date
101,Akash,9832158345,akash3@innoctive.com,A+,1102,2022-11-02
102,pravin,9528343261,pravin@innoctive.com,B+,1103,2022-11-03
103,risabh,9328343261,risabh@innoctive.com,O-,1104,2022-11-04
104,harsh,9528333261,harsh@innoctive.com,B+,1105,2022-11-05
105,shikha,9528345261,shikha@innoctive.com,A+,1101,2022-11-06
106,anshul,9528343161,anshul@innoctive.com,O+,1103,2022-11-07
107,priyanka,9528393261,priyanak@innoctive.com,A+,1101,2022-11-08
108,indra,9528343261,indra@innoctive.com,B+,1102,2022-11-09
109,vaibhav,9528343362,vaibhav@innoctive.com,AB+,1104,2022-11-10
110,om,9528343263,om@innoctive.com,AB-,1103,2022-11-11
111,shayna,9528343264,shayna@innoctive.com,AB-,1101,2022-11-12
112,alexandar,9528343265,alexandar@innoctive.com,A+,1105,2022-11-13
113,david,9528343266,david@innoctive.com,B+,1104,2022-11-14
114,damien,9528343267,damien@innoctive.com,O-,1105,2022-11-15
115,nikhil,9528343268,nikhil@innoctive.com,B+,1102,2022-11-16
116,arlette,9528343269,arlette@innoctive.com,A+,1101,2022-11-17
117,aparna,9528343270,aparna@innoctive.com,O+,1104,2022-11-18
118,anshul,9528343271,anshul2@innoctive.com,A+,1105,2022-11-19
119,priyanka,9528343272,priyanaka@yahoo.com,B+,1101,2022-11-20
120,indra,9528343273,indra2@yahoo.com,AB+,1103,2022-11-21
121,vaibhav,9528343274,vaibhav2@yahoo.com,AB-,1101,2022-11-22
122,om,9528343275,om2@safari.com,AB-,1102,2022-11-23
123,shayna,9528343276,shayna2@yahoo.com,O+,1104,2022-11-24
124,alexandar,9528343277,alexandar2@yahoo.com,A+,1103,2022-11-25
125,david,9528343278,david1@yahoo.com,B+,1101,2022-11-26
126,Akash,9528343279,akash2@gmail.com,AB+,1105,2022-11-27
127,pravin,9528343280,pravin3@gmail.com,AB-,1104,2022-11-28
128,risabh,9528343281,risabh5@gmail.com,AB-,1101,2022-11-29
129,harsh,9528343282,harsh4@gmail.com,A+,1105,2022-11-30
130,saikrishna,9528343283,saikrishna@gmail.com,B+,1104,2022-12-01
